insert into instructores (NombrePila,apellidoPat,apellidoMat,edad,años_experiencia) values('Jesus','Cardenas','Zalapa',19,1);
insert into instructores (NombrePila,apellidoPat,apellidoMat,edad,años_experiencia) values('Giovanni','Pliego','Cortes',19,1);
insert into instructores (NombrePila,apellidoPat,apellidoMat,edad,años_experiencia) values('Fernando','Medina','Palacios',18,1);
insert into instructores (NombrePila,apellidoPat,apellidoMat,edad,años_experiencia) values('Devora','Mares','Montoya',19,1);

insert into campamento (codigo,Nombre,Fechainicio,FechaFin) values('NAT01','Nature Camp 2021','11-jun-21','18-ju-21');
insert into campamento (codigo,Nombre,Fechainicio,FechaFin) values('NAT02','Nature Camp 2022','10-jun-22','17-jun-22');
insert into campamento (codigo,Nombre,Fechainicio,FechaFin) values('NAT03','Nature Camp 2023','21-jun-23','28-jun-23');
insert into campamento (codigo,Nombre,Fechainicio,FechaFin) values('NAT04','Nature Camp 2024','14-jun-24','21-jun-24');
insert into campamento (codigo,Nombre,Fechainicio,FechaFin) values('NAT05','Nature Camp 2025','13-jun-25','20-jun-25');

insert into grupos (codigo,Nombre,Capacidad,Campamento) values('AGU','Aguila',25,'NAT01');
insert into grupos (codigo,Nombre,Capacidad,Campamento) values('BUF','Bufalo',25,'NAT01');
insert into grupos (codigo,Nombre,Capacidad,Campamento) values('COY','Coyote',25,'NAT01');
insert into grupos (codigo,Nombre,Capacidad,Campamento) values('DEL','Delfin',25,'NAT02');
insert into grupos (codigo,Nombre,Capacidad,Campamento) values('ELE','Elefante',25,'NAT02');
insert into grupos (codigo,Nombre,Capacidad,Campamento) values('FEN','Fenix',25,'NAT02');
insert into grupos (codigo,Nombre,Capacidad,Campamento) values('GAV','Gavilan',25,'NAT03');
insert into grupos (codigo,Nombre,Capacidad,Campamento) values('HIE','Hiena',25,'NAT03');
insert into grupos (codigo,Nombre,Capacidad,Campamento) values('IGU','Iguana',25,'NAT03');
insert into grupos (codigo,Nombre,Capacidad,Campamento) values('JAB','Jabali',25,'NAT03');
insert into grupos (codigo,Nombre,Capacidad,Campamento) values('KOA','Koala',25,'NAT03');
insert into grupos (codigo,Nombre,Capacidad,Campamento) values('LUC','Luciernaga',25,'NAT03');
insert into grupos (codigo,Nombre,Capacidad,Campamento) values('MAP','Mapache',25,'NAT04');
insert into grupos (codigo,Nombre,Capacidad,Campamento) values('NUT','Nutria',25,'NAT04');
insert into grupos (codigo,Nombre,Capacidad,Campamento) values('OSO','Oso',25,'NAT04');
insert into grupos (codigo,Nombre,Capacidad,Campamento) values('PIN','Pingüino ',25,'NAT05');
insert into grupos (codigo,Nombre,Capacidad,Campamento) values('QUE','Quetzal',25,'NAT05');
insert into grupos (codigo,Nombre,Capacidad,Campamento) values('RIN','Rinoreconte',25,'NAT05');

insert into Actividades (Descripcion,Duracion) values('Noche alrededor de la fogata','01:30:00');
insert into Actividades (Descripcion,Duracion) values('Sesiones de karaoke','02:00:00');
insert into Actividades (Descripcion,Duracion) values('Escalada con rappel','02:00:00');
insert into Actividades (Descripcion,Duracion) values('Busqueda y captura','03:00:00');
insert into Actividades (Descripcion,Duracion) values('Torneo de futbol','03:00:00');
insert into Actividades (Descripcion,Duracion) values('Excursion en el bosque','02:00:00');
insert into Actividades (Descripcion,Duracion) values('Lecciones de idioma','02:00:00');
insert into Actividades (Descripcion,Duracion) values('Cocina grupal','01:30:00');
insert into Actividades (Descripcion,Duracion) values('Tips de supervivencia','01:00:00');
insert into Actividades (Descripcion,Duracion) values('Carrera de 2 kilometros','01:00:00');
insert into Actividades (Descripcion,Duracion) values('Torneo de basquetbol','03:00:00');
insert into Actividades (Descripcion,Duracion) values('Clases de lenguaje de señas','01:30:00');

insert into Estado (Codigo,Nombre) values('AGS','Aguascalientes');
insert into Estado (Codigo,Nombre) values('BC','Baja California');
insert into Estado (Codigo,Nombre) values('BCS','Baja California Sur');
insert into Estado (Codigo,Nombre) values('CDMX','Ciudad de México');
insert into Estado (Codigo,Nombre) values('CPH','Campeche');
insert into Estado (Codigo,Nombre) values('CHI','Chiapas');
insert into Estado (Codigo,Nombre) values('CHH','Chihuahua');
insert into Estado (Codigo,Nombre) values('COA','Coahuila');
insert into Estado (Codigo,Nombre) values('COL','Colima');
insert into Estado (Codigo,Nombre) values('DUR','Durango');
insert into Estado (Codigo,Nombre) values('GUA','Guanajuato');
insert into Estado (Codigo,Nombre) values('GUE','Guerrero');
insert into Estado (Codigo,Nombre) values('HID','Hidalgo');
insert into Estado (Codigo,Nombre) values('JAL','Jalisco');
insert into Estado (Codigo,Nombre) values('MIC','Michoacan');
insert into Estado (Codigo,Nombre) values('MOR','Morelos');
insert into Estado (Codigo,Nombre) values('NAY','Nayarit');
insert into Estado (Codigo,Nombre) values('NUL','Nuevo León');
insert into Estado (Codigo,Nombre) values('OAX','Oaxaca');
insert into Estado (Codigo,Nombre) values('PUE','Puebla');
insert into Estado (Codigo,Nombre) values('QUE','Queretaro');
insert into Estado (Codigo,Nombre) values('QRO','Quintana Roo');
insert into Estado (Codigo,Nombre) values('SLP','San Luis Potosi');
insert into Estado (Codigo,Nombre) values('SIN','Sinaloa');
insert into Estado (Codigo,Nombre) values('SON','Sonora');
insert into Estado (Codigo,Nombre) values('TAB','Tabasco');
insert into Estado (Codigo,Nombre) values('TAM','Tamaulipas');
insert into Estado (Codigo,Nombre) values('TLX','Tlaxcala');
insert into Estado (Codigo,Nombre) values('VER','Veracruz');
insert into Estado (Codigo,Nombre) values('YUC','Yucatán');
insert into Estado (Codigo,Nombre) values('ZAC','Zacatecas');

insert into Ciudades (Nombre,Estado) values('Tijuana','BC');
insert into Ciudades (Nombre,Estado) values('Hermosillo','SON');
insert into Ciudades (Nombre,Estado) values('Gomez Palacio','DUR');
insert into Ciudades (Nombre,Estado) values('Mazatlan','SIN');
insert into Ciudades (Nombre,Estado) values('Ciudad Juarez','CHH');
insert into Ciudades (Nombre,Estado) values('Guadalajara','JAL');
insert into Ciudades (Nombre,Estado) values('Merida','YUC');
insert into Ciudades (Nombre,Estado) values('La paz','BCS');
insert into Ciudades (Nombre,Estado) values('Guamuchil','SIN');
insert into Ciudades (Nombre,Estado) values('Culiacan','SIN');
insert into Ciudades (Nombre,Estado) values('Mexicali','BC');
insert into Ciudades (Nombre,Estado) values('Rosarito','BC');
insert into Ciudades (Nombre,Estado) values('Cuautla','MOR');
insert into Ciudades (Nombre,Estado) values('Abejones','OAX');
insert into Ciudades (Nombre,Estado) values('Tecate','BC');
insert into Ciudades (Nombre,Estado) values('Choix','SIN');

insert into Datos_Medicos (Codigo,Descripcion) values('NIN','Ninguna');
insert into Datos_Medicos (Codigo,Descripcion) values('DIAB','Diabetes');
insert into Datos_Medicos (Codigo,Descripcion) values('A-','A negativo');
insert into Datos_Medicos (Codigo,Descripcion) values('A+','A positivo');
insert into Datos_Medicos (Codigo,Descripcion) values('B-','B negativo');
insert into Datos_Medicos (Codigo,Descripcion) values('B+','B positivo');
insert into Datos_Medicos (Codigo,Descripcion) values('AB-','AB negativo');
insert into Datos_Medicos (Codigo,Descripcion) values('AB+','AB positivo');
insert into Datos_Medicos (Codigo,Descripcion) values('O-','O negativo');
insert into Datos_Medicos (Codigo,Descripcion) values('O+','O positivo');
insert into Datos_Medicos (Codigo,Descripcion) values('ASM','Asma');
insert into Datos_Medicos (Codigo,Descripcion) values('HIP','Hipertencion');
insert into Datos_Medicos (Codigo,Descripcion) values('BONQ','Bronquitis');
insert into Datos_Medicos (Codigo,Descripcion) values('CV19','Corona-virus');
insert into Datos_Medicos (Codigo,Descripcion) values('SKIN','Infeccion en la piel');
insert into Datos_Medicos (Codigo,Descripcion) values('SINU','Sinusitis');
insert into Datos_Medicos (Codigo,Descripcion) values('CEG','Ceguera');
insert into Datos_Medicos (Codigo,Descripcion) values('VIH','Sida');
insert into Datos_Medicos (Codigo,Descripcion) values('GAST','Gastritis');
insert into Datos_Medicos (Codigo,Descripcion) values('CV19SI','Vacuna covid [SI]');
insert into Datos_Medicos (Codigo,Descripcion) values('CV19NO','Vacuna covid [NO]');

insert into Admin (NombrePila,apellidoPat,apellidoMat,correoAD,passAD) values('Jesus','Cardenas','Zalapa','cardenaszalapajesus@gmail.com','chuy123');
insert into Admin (NombrePila,apellidoPat,apellidoMat,correoAD,passAD) values('Giovanni','Pliego','Cortes','giovatt124@gmail.com','kemo123');
insert into Admin (NombrePila,apellidoPat,apellidoMat,correoAD,passAD) values('Medina ','Palacios','Fernando','fernanclok@gmail.com','fer123');

insert into Campista (NombrePila,apellidoPat,apellidoMat,edad,telefono,correo,ciudad,estado) values('Rocio','Valero','Rodríguez',19,6671078075,'rociovalero1705@gmail.com',1,'BC');
insert into Campista (NombrePila,apellidoPat,apellidoMat,edad,telefono,correo,ciudad,estado) values('Juan Jose','Moreno','Argueta',22,6643676766,'juanjomoar10@gmail.com',1,'BC');
insert into Campista (NombrePila,apellidoPat,apellidoMat,edad,telefono,correo,ciudad,estado) values('Ernestina del Carmen','Cruz','Prudencio',18,6642773209,'ernestina.utt.2019@gmail.com',2,'SON');
insert into Campista (NombrePila,apellidoPat,apellidoMat,edad,telefono,correo,ciudad,estado) values('Jesús Antonio','Cárdenas','Zalapa',19,6647550178,'cardenaszalapajesus@gmail.com',1,'BC');
insert into Campista (NombrePila,apellidoPat,apellidoMat,edad,telefono,correo,ciudad,estado) values('Alan Misael','Rendon','Gurrola',19,6645914235,'rendongurrolaa245@gmail.com',1,'BC');
insert into Campista (NombrePila,apellidoPat,apellidoMat,edad,telefono,correo,ciudad,estado) values('Noe Gabriel','Cedano','Mada',19,6648234365,'cedanon73@gmail.com',1,'BC');
insert into Campista (NombrePila,apellidoPat,apellidoMat,edad,telefono,correo,ciudad,estado) values('Kenia','Torres','Lopez',19,6643671384,'educatkenia@gmail.com',3,'DUR');
insert into Campista (NombrePila,apellidoPat,apellidoMat,edad,telefono,correo,ciudad,estado) values('Kevin Eduardo','Varela','Rojas',20,6643714619,'kvarela629@gmail.com',1,'BC');
insert into Campista (NombrePila,apellidoPat,apellidoMat,edad,telefono,correo,ciudad,estado) values('Aldair','González','García',20,6644196397,'aldairgarcia043@gmail.com',1,'BC');
insert into Campista (NombrePila,apellidoPat,apellidoMat,edad,telefono,correo,ciudad,estado) values('Justin Bryan','Bello','Holguin',18,6633223890,'justinbelloh03@gmail.com',1,'BC');
insert into Campista (NombrePila,apellidoPat,apellidoMat,edad,telefono,correo,ciudad,estado) values('Daniel','Sanchez','Engrande',19,6645851837,'daniel.engrande1603@gmail.com',1,'BC');
insert into Campista (NombrePila,apellidoPat,apellidoMat,edad,telefono,correo,ciudad,estado) values('Leslie Marlene','Morales','Hilario',23,6645671234,'lesli_.09@hotmail.com',1,'BC');
insert into Campista (NombrePila,apellidoPat,apellidoMat,edad,telefono,correo,ciudad,estado) values('Katherine','Rodríguez','Rentería',24,6642293297,'123456Kath@gmail.com',1,'BC');
insert into Campista (NombrePila,apellidoPat,apellidoMat,edad,telefono,correo,ciudad,estado) values('Giovanni','Pliego','Cortes',19,6642148459,'giovatt124@gmail.com',1,'BC');
insert into Campista (NombrePila,apellidoPat,apellidoMat,edad,telefono,correo,ciudad,estado) values('Zecya','García','Morales',20,6644424998,'0319126133@ut-tijuana.edu.mx',1,'BC');
insert into Campista (NombrePila,apellidoPat,apellidoMat,edad,telefono,correo,ciudad,estado) values('Geronimo Ivan','Mejia','García',21,6645363193,'gemoyumorales12@gmail.com',1,'BC');
insert into Campista (NombrePila,apellidoPat,apellidoMat,edad,telefono,correo,ciudad,estado) values('María Fernanda','López','Santos',20,6641285461,'gonzamarlop@gmail.com',1,'BC');
insert into Campista (NombrePila,apellidoPat,apellidoMat,edad,telefono,correo,ciudad,estado) values('Víctor','Peréz','Rodríguez',19,6644246248,'aldairgarcia043@icloud.com',1,'BC');
insert into Campista (NombrePila,apellidoPat,apellidoMat,edad,telefono,correo,ciudad,estado) values('Oscar','Balderas','Romano',20,6643302290,'xr56789@gmail.com',1,'BC');
insert into Campista (NombrePila,apellidoPat,apellidoMat,edad,telefono,correo,ciudad,estado) values('Fernando','Medina ','Palacios',18,8994202054,'fernanclok@gmail.com',1,'BC');
insert into Campista (NombrePila,apellidoPat,apellidoMat,edad,telefono,correo,ciudad,estado) values('Joselyn','Rodríguez','Acuña',22,6643322300,'jose100@gmail.com',1,'BC');
insert into Campista (NombrePila,apellidoPat,apellidoMat,edad,telefono,correo,ciudad,estado) values('Sebastian','Pérez','Unzueta',21,6645488551,'sebasperezu@hotmail.com',1,'BC');
insert into Campista (NombrePila,apellidoPat,apellidoMat,edad,telefono,correo,ciudad,estado) values('Omar','Ramirez','Soto',18,6643345686,'omsoto@yahoo.com',1,'BC');
insert into Campista (NombrePila,apellidoPat,apellidoMat,edad,telefono,correo,ciudad,estado) values('Jose','Soto','Suarez',20,6634453390,'Lupillo15@hotmail.com',1,'BC');
insert into Campista (NombrePila,apellidoPat,apellidoMat,edad,telefono,correo,ciudad,estado) values('Emily','Ramos','García',19,6645503323,'emilyramos@gmail.com',1,'BC');
insert into Campista (NombrePila,apellidoPat,apellidoMat,edad,telefono,correo,ciudad,estado) values('Janeth','Pliego','Juárez',25,6643909433,'janeth225@gmail.com',4,'SIN');
insert into Campista (NombrePila,apellidoPat,apellidoMat,edad,telefono,correo,ciudad,estado) values('Christopher','Pliego','Cortes',23,6644907958,'chrisCortez@gmail.com',1,'BC');
insert into Campista (NombrePila,apellidoPat,apellidoMat,edad,telefono,correo,ciudad,estado) values('Rosa','García','Rosales',20,6645093735,'rosagarcia@icloud.com',1,'BC');
insert into Campista (NombrePila,apellidoPat,apellidoMat,edad,telefono,correo,ciudad,estado) values('Yahir','Olivas','Sarmiento',22,6569345489,'qtzl_basngster@gmail.com',5,'CHH');
insert into Campista (NombrePila,apellidoPat,apellidoMat,edad,telefono,correo,ciudad,estado) values('Carlos','Olivas','Sarmiento',18,6562103292,'xcayu@gmail.com',5,'CHH');
insert into Campista (NombrePila,apellidoPat,apellidoMat,edad,telefono,correo,ciudad,estado) values('Monserrat','Ramirez','Félix',25,6643892320,'monseram@gmail.com',1,'BC');
insert into Campista (NombrePila,apellidoPat,apellidoMat,edad,telefono,correo,ciudad,estado) values('Junior Francisco','Félix','Peralta',18,5503224930,'_juniorfx@gmail.com',6,'JAL');
insert into Campista (NombrePila,apellidoPat,apellidoMat,edad,telefono,correo,ciudad,estado) values('Diana ','Rangel','Sanchez',19,6645589230,'chofis225@gmail.com',1,'BC');
insert into Campista (NombrePila,apellidoPat,apellidoMat,edad,telefono,correo,ciudad,estado) values('José Ramses','Estrada','García',19,6649093332,'ramsesestrada@gmail.com',1,'BC');
insert into Campista (NombrePila,apellidoPat,apellidoMat,edad,telefono,correo,ciudad,estado) values('Sául','Rivera','Lomas',20,6640773289,'Saulriv35@yahoo.com',7,'YUC');
insert into Campista (NombrePila,apellidoPat,apellidoMat,edad,telefono,correo,ciudad,estado) values('Jazmin','Sendero','Ortiz',21,6648982301,'jaz_ortzi@hotmail.com',1,'BC');
insert into Campista (NombrePila,apellidoPat,apellidoMat,edad,telefono,correo,ciudad,estado) values('Dariana','Avila','Camacho',21,6643310901,'dariavila@hotmail.com',1,'BC');
insert into Campista (NombrePila,apellidoPat,apellidoMat,edad,telefono,correo,ciudad,estado) values('Carlos','Heredia','Ramirez',25,6690432563,'elniño53@gmail.com',4,'SIN');
insert into Campista (NombrePila,apellidoPat,apellidoMat,edad,telefono,correo,ciudad,estado) values('Hugo','Hernández','Mendoza',19,6647550178,'HernándezHugo@yahoo.com',1,'BC');
insert into Campista (NombrePila,apellidoPat,apellidoMat,edad,telefono,correo,ciudad,estado) values('Martín','García','García',25,6861120178,'GarcíaMartín@yahoo.com',1,'BC');
insert into Campista (NombrePila,apellidoPat,apellidoMat,edad,telefono,correo,ciudad,estado) values('Lucas','Martínez','Mendoza',21,6645451233,'MartínezLucas@hotmail.com',1,'BC');
insert into Campista (NombrePila,apellidoPat,apellidoMat,edad,telefono,correo,ciudad,estado) values('Mateo','López','Dominguez',20,4493212155,'LópezMateo@hotmail.com',1,'BC');
insert into Campista (NombrePila,apellidoPat,apellidoMat,edad,telefono,correo,ciudad,estado) values('Leo','González','Medina',20,6122155456,'GonzálezLeo@yahoo.com',8,'BCS');
insert into Campista (NombrePila,apellidoPat,apellidoMat,edad,telefono,correo,ciudad,estado) values('Daniel','Pérez','',21,8443265985,'PérezDaniel@gmail.com',1,'BC');
insert into Campista (NombrePila,apellidoPat,apellidoMat,edad,telefono,correo,ciudad,estado) values(' Alejandro','Rodríguez','',18,2215544887,'RodríguezAlejandro@gmail.com',1,'BC'); 
insert into Campista (NombrePila,apellidoPat,apellidoMat,edad,telefono,correo,ciudad,estado) values('Pablo','Sánchez','',23,6675251622,'SánchezPablo@hotmail.com',4,'SIN');
insert into Campista (NombrePila,apellidoPat,apellidoMat,edad,telefono,correo,ciudad,estado) values('Manuel','Ramírez','Medina',24,9612545498,'RamírezManuel@gmail.com',1,'BC');
insert into Campista (NombrePila,apellidoPat,apellidoMat,edad,telefono,correo,ciudad,estado) values('Álvaro','Cruz','Rodriguez',22,9612545898,'CruzÁlvaro@gmail.com',1,'BC');
insert into Campista (NombrePila,apellidoPat,apellidoMat,edad,telefono,correo,ciudad,estado) values('Adrián','Flores','Perez',21,6643257658,'FloresAdrián@yahoo.com',1,'BC');
insert into Campista (NombrePila,apellidoPat,apellidoMat,edad,telefono,correo,ciudad,estado) values('David','Gomez','Perez',20,2215498720,'GomezDavid@gmail.com',1,'BC');
insert into Campista (NombrePila,apellidoPat,apellidoMat,edad,telefono,correo,ciudad,estado) values('Mario','Vázquez','Vázquez',18,7715565656,'VázquezMario@gmail.com',1,'BC');
insert into Campista (NombrePila,apellidoPat,apellidoMat,edad,telefono,correo,ciudad,estado) values('Enzo','Reyes','Delira',19,4432154877,'ReyesEnzo@hotmail.com',1,'BC');
insert into Campista (NombrePila,apellidoPat,apellidoMat,edad,telefono,correo,ciudad,estado) values('Diego','Luna','',18,3112565647,'LunaDiego@yahoo.com',1,'BC');
insert into Campista (NombrePila,apellidoPat,apellidoMat,edad,telefono,correo,ciudad,estado) values('Marcos','Morales','Mendoza',18,6647784532,'MoralesMarcos@gmail.com',1,'BC');
insert into Campista (NombrePila,apellidoPat,apellidoMat,edad,telefono,correo,ciudad,estado) values('Izan','Williams','',18,8181525482,'WilliamsIzan@gmail.com',1,'BC');
insert into Campista (NombrePila,apellidoPat,apellidoMat,edad,telefono,correo,ciudad,estado) values('Javier','Ortiz','Galban',18,9512566594,'OrtizJavier@gmail.com',1,'BC');
insert into Campista (NombrePila,apellidoPat,apellidoMat,edad,telefono,correo,ciudad,estado) values('Marco','García','Dominguez',20,6675515111,'GarcíaMarco@gmail.com',9,'SIN');
insert into Campista (NombrePila,apellidoPat,apellidoMat,edad,telefono,correo,ciudad,estado) values('Álex','Quintana','',21,6645552125,'QuintanaÁlex@gmail.com',1,'BC');
insert into Campista (NombrePila,apellidoPat,apellidoMat,edad,telefono,correo,ciudad,estado) values('Bruno','Martinez','Montoya',24,2215554897,'MartinezBruno@gmail.com',1,'BC');
insert into Campista (NombrePila,apellidoPat,apellidoMat,edad,telefono,correo,ciudad,estado) values('Oliver','Dueñas','',25,6647441235,'DueñasOliver@gmail.com',1,'BC');
insert into Campista (NombrePila,apellidoPat,apellidoMat,edad,telefono,correo,ciudad,estado) values('Miguel','Diaz','Perez',23,7472122263,'DiazMiguel@gmail.com',1,'BC');
insert into Campista (NombrePila,apellidoPat,apellidoMat,edad,telefono,correo,ciudad,estado) values('Thiago','Zapata','Beltran',23,3315155151,'ZapataThiago@gmail.com',1,'BC');
insert into Campista (NombrePila,apellidoPat,apellidoMat,edad,telefono,correo,ciudad,estado) values('Antonio','Pereira','Mendoza',23,6675454545,'pereiraantonio@gmail.com',10,'SIN');
insert into Campista (NombrePila,apellidoPat,apellidoMat,edad,telefono,correo,ciudad,estado) values('Guadalupe','López','Santos',22,6645707874,'gz9583084@gmail.com',1,'BC');
insert into Campista (NombrePila,apellidoPat,apellidoMat,edad,telefono,correo,ciudad,estado) values('Dayanara','González','Unzueta',22,6646109997,'dayana.sz@gmail.com',1,'BC');
insert into Campista (NombrePila,apellidoPat,apellidoMat,edad,telefono,correo,ciudad,estado) values('Judith','Balderas','Zamudio',24,6634305473,'mini.judith_27@gmail.com',1,'BC');
insert into Campista (NombrePila,apellidoPat,apellidoMat,edad,telefono,correo,ciudad,estado) values('Sandra Jacqueline','Perez','Jara',21,6643599206,'sandra_temich@gmail.com',1,'BC');
insert into Campista (NombrePila,apellidoPat,apellidoMat,edad,telefono,correo,ciudad,estado) values('Andrea','Sanchez','Zamudio',19,6643478180,'any.zam@gmail.com',1,'BC');
insert into Campista (NombrePila,apellidoPat,apellidoMat,edad,telefono,correo,ciudad,estado) values('Alondra','Rivera','Temich',19,6648788234,'lolo.molina_21@gmail.com',1,'BC');
insert into Campista (NombrePila,apellidoPat,apellidoMat,edad,telefono,correo,ciudad,estado) values('Alejandra','Montañes','Flores',19,6645564223,'alemontañes@yahoo.com',1,'BC');
insert into Campista (NombrePila,apellidoPat,apellidoMat,edad,telefono,correo,ciudad,estado) values('Rebeca','Fuentes','Vidaña',20,6646786456,'rebe73@icloud.com',1,'BC');
insert into Campista (NombrePila,apellidoPat,apellidoMat,edad,telefono,correo,ciudad,estado) values('Zulema','Rios','Marquez',23,6640734632,'riosmarquez@hotmail.com',11,'BC');
insert into Campista (NombrePila,apellidoPat,apellidoMat,edad,telefono,correo,ciudad,estado) values('Ailyn','Varela','Rojas',23,6645532476,'varela99@gmail.com',1,'BC');
insert into Campista (NombrePila,apellidoPat,apellidoMat,edad,telefono,correo,ciudad,estado) values('Sunem','Corrales','Trejo',18,6645769654,'desscro55@gmail.com',12,'BC');
insert into Campista (NombrePila,apellidoPat,apellidoMat,edad,telefono,correo,ciudad,estado) values('Norma Larissa','Catellanos','Macias',19,6645366452,'larissamacias@gmail.com',1,'BC');

insert into Cont_emergencia (NombrePila,apellidoPat,apellidoMat,telefono,ciudad,estado) values('Rosa','González','Lopez',6672636797,1,'BC');
insert into Cont_emergencia (NombrePila,apellidoPat,apellidoMat,telefono,ciudad,estado) values('Emmanuel','Moreno','Angulo',6649920990,2,'SON');
insert into Cont_emergencia (NombrePila,apellidoPat,apellidoMat,telefono,ciudad,estado) values('Yessica','Perez','Argueta',6641542373,1,'BC');
insert into Cont_emergencia (NombrePila,apellidoPat,apellidoMat,telefono,ciudad,estado) values('Jonathan Daniel','Zalapa','Gonzalez',6643180678,1,'BC');
insert into Cont_emergencia (NombrePila,apellidoPat,apellidoMat,telefono,ciudad,estado) values('Celia Susana','Rendon','Gonzalez',6632202225,1,'BC');
insert into Cont_emergencia (NombrePila,apellidoPat,apellidoMat,telefono,ciudad,estado) values('Sofia','Sofia','Gurrola',6644399320,1,'BC');
insert into Cont_emergencia (NombrePila,apellidoPat,apellidoMat,telefono,ciudad,estado) values('Grisel','Torres','Santana',6641107589,3,'DUR');
insert into Cont_emergencia (NombrePila,apellidoPat,apellidoMat,telefono,ciudad,estado) values('Anahi','Rojas','Avila',6646977665,1,'BC');
insert into Cont_emergencia (NombrePila,apellidoPat,apellidoMat,telefono,ciudad,estado) values('Luis Sebastián','Rosales','Ignacio',6644850952,1,'BC');
insert into Cont_emergencia (NombrePila,apellidoPat,apellidoMat,telefono,ciudad,estado) values('Jorge Luis','Bello','Escobar',6452035905,1,'BC');
insert into Cont_emergencia (NombrePila,apellidoPat,apellidoMat,telefono,ciudad,estado) values('Carmen','Perez','Lozano',6645948225,1,'BC');
insert into Cont_emergencia (NombrePila,apellidoPat,apellidoMat,telefono,ciudad,estado) values('José','Hilario','Hernández',6643219573,1,'BC');
insert into Cont_emergencia (NombrePila,apellidoPat,apellidoMat,telefono,ciudad,estado) values('Eric','Rodriguez','Rosales',6642223323,1,'BC');
insert into Cont_emergencia (NombrePila,apellidoPat,apellidoMat,telefono,ciudad,estado) values('Ivett','Cortes','Covarrubias',6643017664,1,'BC');
insert into Cont_emergencia (NombrePila,apellidoPat,apellidoMat,telefono,ciudad,estado) values('Juan','García','León',6643232676,1,'BC');
insert into Cont_emergencia (NombrePila,apellidoPat,apellidoMat,telefono,ciudad,estado) values('Luis','Mejia','Avalos',6645900344,1,'BC');
insert into Cont_emergencia (NombrePila,apellidoPat,apellidoMat,telefono,ciudad,estado) values('Alicia','Morales','Orozco',6646878138,1,'BC');
insert into Cont_emergencia (NombrePila,apellidoPat,apellidoMat,telefono,ciudad,estado) values('Rosario','Juaréz','López',6632732650,1,'BC');
insert into Cont_emergencia (NombrePila,apellidoPat,apellidoMat,telefono,ciudad,estado) values('Carlos','Balderas','Juarez',6647574110,1,'BC');
insert into Cont_emergencia (NombrePila,apellidoPat,apellidoMat,telefono,ciudad,estado) values('José','Medina','Ramirez',6643663668,1,'BC');
insert into Cont_emergencia (NombrePila,apellidoPat,apellidoMat,telefono,ciudad,estado) values('Mario','Álvarez','Rodríguez',6643063533,1,'BC');
insert into Cont_emergencia (NombrePila,apellidoPat,apellidoMat,telefono,ciudad,estado) values('María ','Unzueta','Juarez',6630002322,1,'BC');
insert into Cont_emergencia (NombrePila,apellidoPat,apellidoMat,telefono,ciudad,estado) values('Lauro','Ramirez','Obeso',6640021212,1,'BC');
insert into Cont_emergencia (NombrePila,apellidoPat,apellidoMat,telefono,ciudad,estado) values('Mauricio','Soto','Maldonado',6642232442,1,'BC');
insert into Cont_emergencia (NombrePila,apellidoPat,apellidoMat,telefono,ciudad,estado) values('Omar','Ramos','Flores',6642323424,1,'BC');
insert into Cont_emergencia (NombrePila,apellidoPat,apellidoMat,telefono,ciudad,estado) values('Oscar','Pliego','Contreras',6643314778,4,'SIN');
insert into Cont_emergencia (NombrePila,apellidoPat,apellidoMat,telefono,ciudad,estado) values('Rául Villo','Pliego','Contreras',6643314778,13,'MOR');
insert into Cont_emergencia (NombrePila,apellidoPat,apellidoMat,telefono,ciudad,estado) values('Yolanda','Rosales','Marino',6643323342,8,'BCS');
insert into Cont_emergencia (NombrePila,apellidoPat,apellidoMat,telefono,ciudad,estado) values('Jessica','Sarmiento','Estrada',6562103292,5,'CHH');
insert into Cont_emergencia (NombrePila,apellidoPat,apellidoMat,telefono,ciudad,estado) values('Jessica','Sarmiento','Estrada',6562103293,5,'CHH');
insert into Cont_emergencia (NombrePila,apellidoPat,apellidoMat,telefono,ciudad,estado) values('Jose','Ramirez','Montaño',6640785439,1,'BC');
insert into Cont_emergencia (NombrePila,apellidoPat,apellidoMat,telefono,ciudad,estado) values('Fernando José','Pérez','Garza',5579903232,6,'JAL');
insert into Cont_emergencia (NombrePila,apellidoPat,apellidoMat,telefono,ciudad,estado) values('Ramses','Rangel','Ojeda',6640349823,1,'BC');
insert into Cont_emergencia (NombrePila,apellidoPat,apellidoMat,telefono,ciudad,estado) values('Maria','García','Montañes',6642891653,1,'BC');
insert into Cont_emergencia (NombrePila,apellidoPat,apellidoMat,telefono,ciudad,estado) values('Jeremias ','Rosales','Madrigal',9993452320,7,'YUC');
insert into Cont_emergencia (NombrePila,apellidoPat,apellidoMat,telefono,ciudad,estado) values('Ramiro','Sendero','Corrales',6643314978,1,'BC');
insert into Cont_emergencia (NombrePila,apellidoPat,apellidoMat,telefono,ciudad,estado) values('Jorge','Camacho','Castillo',6645557988,1,'BC');
insert into Cont_emergencia (NombrePila,apellidoPat,apellidoMat,telefono,ciudad,estado) values('Armandi','Heredia','Fernandez',6690730693,4,'SIN');
insert into Cont_emergencia (NombrePila,apellidoPat,apellidoMat,telefono,ciudad,estado) values('Sophia','Mendoza','Hernández',6642445148,11,'BC');
insert into Cont_emergencia (NombrePila,apellidoPat,apellidoMat,telefono,ciudad,estado) values('Emma','García',' García',2212445148,14,'OAX');
insert into Cont_emergencia (NombrePila,apellidoPat,apellidoMat,telefono,ciudad,estado) values('Isabella','Mendoza','Martínez',6672544898,15,'BC');
insert into Cont_emergencia (NombrePila,apellidoPat,apellidoMat,telefono,ciudad,estado) values('Olivia','Dominguez',' López ',6182253654,15,'BC');
insert into Cont_emergencia (NombrePila,apellidoPat,apellidoMat,telefono,ciudad,estado) values('Ava','Medina','González ',6462134568,16,'SIN');
insert into Cont_emergencia (NombrePila,apellidoPat,apellidoMat,telefono,ciudad,estado) values('Emily','Pérez','Pérez',6464254879,12,'BC');
insert into Cont_emergencia (NombrePila,apellidoPat,apellidoMat,telefono,ciudad,estado) values('Abigail','Rodríguez','Rodríguez ',6643252689,1,'BC');
insert into Cont_emergencia (NombrePila,apellidoPat,apellidoMat,telefono,ciudad,estado) values('Mia','Sánchez','Sánchez',6672154879,10,'SIN');
insert into Cont_emergencia (NombrePila,apellidoPat,apellidoMat,telefono,ciudad,estado) values('Madison','Medina','Ramírez',3323698521,1,'BC');
insert into Cont_emergencia (NombrePila,apellidoPat,apellidoMat,telefono,ciudad,estado) values('Elizabeth','Rodriguez','Cruz',6123697891,1,'BC');
insert into Cont_emergencia (NombrePila,apellidoPat,apellidoMat,telefono,ciudad,estado) values('Sofia','Perez','Cruz',8688526547,1,'BC');
insert into Cont_emergencia (NombrePila,apellidoPat,apellidoMat,telefono,ciudad,estado) values('Giulia','Perez','Flores',6693571598,10,'SIN');
insert into Cont_emergencia (NombrePila,apellidoPat,apellidoMat,telefono,ciudad,estado) values('Martina','Vázquez','Gomez',9992147892,10,'SIN');
insert into Cont_emergencia (NombrePila,apellidoPat,apellidoMat,telefono,ciudad,estado) values('Giorgia','Delira','Vázquez',6647550178,15,'BC');
insert into Cont_emergencia (NombrePila,apellidoPat,apellidoMat,telefono,ciudad,estado) values('Sara','Luna','Reyes',6672213564,15,'BC');
insert into Cont_emergencia (NombrePila,apellidoPat,apellidoMat,telefono,ciudad,estado) values('Emma','Mendoza','Luna',7472684134,10,'SIN');
insert into Cont_emergencia (NombrePila,apellidoPat,apellidoMat,telefono,ciudad,estado) values('Aurora','Williams','Morales',6645823441,1,'BC');
insert into Cont_emergencia (NombrePila,apellidoPat,apellidoMat,telefono,ciudad,estado) values('Chiara','Galban','Williams',6672556844,4,'SIN');
insert into Cont_emergencia (NombrePila,apellidoPat,apellidoMat,telefono,ciudad,estado) values('Alice','Dominguez','Ortiz',9713336987,1,'BC');
insert into Cont_emergencia (NombrePila,apellidoPat,apellidoMat,telefono,ciudad,estado) values('Alessia','Quiñones','García',8332221579,1,'BC');
insert into Cont_emergencia (NombrePila,apellidoPat,apellidoMat,telefono,ciudad,estado) values('Amelia','Montoya','Quintana',6642221578,1,'BC');
insert into Cont_emergencia (NombrePila,apellidoPat,apellidoMat,telefono,ciudad,estado) values('Olivia','Dueñas','Martinez',6673321589,1,'BC');
insert into Cont_emergencia (NombrePila,apellidoPat,apellidoMat,telefono,ciudad,estado) values('Jessia','Perez','Dueñas',5552121978,10,'SIN');
insert into Cont_emergencia (NombrePila,apellidoPat,apellidoMat,telefono,ciudad,estado) values('Emily','Beltran','Diaz',2463336548,4,'SIN');
insert into Cont_emergencia (NombrePila,apellidoPat,apellidoMat,telefono,ciudad,estado) values('Lily','Mendoza','Zapata',6675554789,1,'BC');
insert into Cont_emergencia (NombrePila,apellidoPat,apellidoMat,telefono,ciudad,estado) values('Rosario','Morales','Hernández',6646878138,1,'BC');
insert into Cont_emergencia (NombrePila,apellidoPat,apellidoMat,telefono,ciudad,estado) values('Carlos','Juaréz','Rodríguez',6635273265,1,'BC');
insert into Cont_emergencia (NombrePila,apellidoPat,apellidoMat,telefono,ciudad,estado) values('Augusto','Balderas','León',6647574110,1,'BC');
insert into Cont_emergencia (NombrePila,apellidoPat,apellidoMat,telefono,ciudad,estado) values('Francisco Javier','Perez','Orozco',6641995029,1,'BC');
insert into Cont_emergencia (NombrePila,apellidoPat,apellidoMat,telefono,ciudad,estado) values('Guadalupe','Zamudio','López',6643663668,1,'BC');
insert into Cont_emergencia (NombrePila,apellidoPat,apellidoMat,telefono,ciudad,estado) values('Martin','Rivera','Juarez',6642119032,1,'BC');
insert into Cont_emergencia (NombrePila,apellidoPat,apellidoMat,telefono,ciudad,estado) values('Elias','Montañes','Sifuentes',6645434641,1,'BC');
insert into Cont_emergencia (NombrePila,apellidoPat,apellidoMat,telefono,ciudad,estado) values('Alvaro','Fuentes','Arreola',6645542345,1,'BC');
insert into Cont_emergencia (NombrePila,apellidoPat,apellidoMat,telefono,ciudad,estado) values('Jennifer','Marquez','Ortiz',6647896464,11,'BC');
insert into Cont_emergencia (NombrePila,apellidoPat,apellidoMat,telefono,ciudad,estado) values('Norma','Varela','Herrera',6649986780,1,'BC');
insert into Cont_emergencia (NombrePila,apellidoPat,apellidoMat,telefono,ciudad,estado) values('Carolina','Corrales','Lopez',6642234462,12,'BC');
insert into Cont_emergencia (NombrePila,apellidoPat,apellidoMat,telefono,ciudad,estado) values('Victor','Castellanos','Montero',6642235742,1,'BC');

insert into instructor_grupo (instructor,grupo) values(1,'AGU');
insert into instructor_grupo (instructor,grupo) values(1,'BUF');
insert into instructor_grupo (instructor,grupo) values(1,'COY');
insert into instructor_grupo (instructor,grupo) values(2,'AGU');
insert into instructor_grupo (instructor,grupo) values(2,'BUF');
insert into instructor_grupo (instructor,grupo) values(2,'COY');
insert into instructor_grupo (instructor,grupo) values(4,'AGU');
insert into instructor_grupo (instructor,grupo) values(4,'BUF');
insert into instructor_grupo (instructor,grupo) values(4,'COY');
insert into instructor_grupo (instructor,grupo) values(1,'DEL');
insert into instructor_grupo (instructor,grupo) values(1,'ELE');
insert into instructor_grupo (instructor,grupo) values(1,'FEN');
insert into instructor_grupo (instructor,grupo) values(2,'DEL');
insert into instructor_grupo (instructor,grupo) values(2,'ELE');
insert into instructor_grupo (instructor,grupo) values(2,'FEN');
insert into instructor_grupo (instructor,grupo) values(4,'DEL');
insert into instructor_grupo (instructor,grupo) values(4,'ELE');
insert into instructor_grupo (instructor,grupo) values(4,'FEN');
insert into instructor_grupo (instructor,grupo) values(1,'GAV');
insert into instructor_grupo (instructor,grupo) values(1,'HIE');
insert into instructor_grupo (instructor,grupo) values(1,'IGU');
insert into instructor_grupo (instructor,grupo) values(1,'JAB');
insert into instructor_grupo (instructor,grupo) values(1,'KOA');
insert into instructor_grupo (instructor,grupo) values(1,'LUC');
insert into instructor_grupo (instructor,grupo) values(2,'GAV');
insert into instructor_grupo (instructor,grupo) values(2,'HIE');
insert into instructor_grupo (instructor,grupo) values(2,'IGU');
insert into instructor_grupo (instructor,grupo) values(2,'JAB');
insert into instructor_grupo (instructor,grupo) values(2,'KOA');
insert into instructor_grupo (instructor,grupo) values(2,'LUC');
insert into instructor_grupo (instructor,grupo) values(3,'GAV');
insert into instructor_grupo (instructor,grupo) values(3,'HIE');
insert into instructor_grupo (instructor,grupo) values(3,'IGU');
insert into instructor_grupo (instructor,grupo) values(3,'JAB');
insert into instructor_grupo (instructor,grupo) values(3,'KOA');
insert into instructor_grupo (instructor,grupo) values(3,'LUC');
insert into instructor_grupo (instructor,grupo) values(4,'GAV');
insert into instructor_grupo (instructor,grupo) values(4,'HIE');
insert into instructor_grupo (instructor,grupo) values(4,'IGU');
insert into instructor_grupo (instructor,grupo) values(4,'JAB');
insert into instructor_grupo (instructor,grupo) values(4,'KOA');
insert into instructor_grupo (instructor,grupo) values(4,'LUC');

insert into campista_grupo (campista,grupo) values(2,'AGU');
insert into campista_grupo (campista,grupo) values(8,'AGU');
insert into campista_grupo (campista,grupo) values(9,'AGU');
insert into campista_grupo (campista,grupo) values(12,'AGU');
insert into campista_grupo (campista,grupo) values(13,'AGU');
insert into campista_grupo (campista,grupo) values(15,'AGU');
insert into campista_grupo (campista,grupo) values(16,'AGU');
insert into campista_grupo (campista,grupo) values(17,'AGU');
insert into campista_grupo (campista,grupo) values(21,'AGU');
insert into campista_grupo (campista,grupo) values(22,'AGU');
insert into campista_grupo (campista,grupo) values(24,'AGU');
insert into campista_grupo (campista,grupo) values(26,'AGU');
insert into campista_grupo (campista,grupo) values(27,'AGU');
insert into campista_grupo (campista,grupo) values(28,'AGU');
insert into campista_grupo (campista,grupo) values(29,'AGU');
insert into campista_grupo (campista,grupo) values(31,'AGU');
insert into campista_grupo (campista,grupo) values(35,'AGU');
insert into campista_grupo (campista,grupo) values(36,'AGU');
insert into campista_grupo (campista,grupo) values(37,'AGU');
insert into campista_grupo (campista,grupo) values(38,'AGU');
insert into campista_grupo (campista,grupo) values(40,'AGU');
insert into campista_grupo (campista,grupo) values(41,'AGU');
insert into campista_grupo (campista,grupo) values(42,'AGU');
insert into campista_grupo (campista,grupo) values(43,'AGU');
insert into campista_grupo (campista,grupo) values(44,'BUF');
insert into campista_grupo (campista,grupo) values(46,'BUF');
insert into campista_grupo (campista,grupo) values(47,'BUF');
insert into campista_grupo (campista,grupo) values(48,'BUF');
insert into campista_grupo (campista,grupo) values(49,'BUF');
insert into campista_grupo (campista,grupo) values(50,'BUF');
insert into campista_grupo (campista,grupo) values(57,'BUF');
insert into campista_grupo (campista,grupo) values(58,'BUF');
insert into campista_grupo (campista,grupo) values(59,'BUF');
insert into campista_grupo (campista,grupo) values(60,'BUF');
insert into campista_grupo (campista,grupo) values(61,'BUF');
insert into campista_grupo (campista,grupo) values(62,'BUF');
insert into campista_grupo (campista,grupo) values(63,'BUF');
insert into campista_grupo (campista,grupo) values(64,'BUF');
insert into campista_grupo (campista,grupo) values(65,'BUF');
insert into campista_grupo (campista,grupo) values(66,'BUF');
insert into campista_grupo (campista,grupo) values(67,'BUF');
insert into campista_grupo (campista,grupo) values(71,'BUF');
insert into campista_grupo (campista,grupo) values(72,'BUF');
insert into campista_grupo (campista,grupo) values(73,'BUF');
insert into campista_grupo (campista,grupo) values(75,'BUF');
insert into campista_grupo (campista,grupo) values(1,'DEL');
insert into campista_grupo (campista,grupo) values(2,'DEL');
insert into campista_grupo (campista,grupo) values(4,'DEL');
insert into campista_grupo (campista,grupo) values(5,'DEL');
insert into campista_grupo (campista,grupo) values(6,'DEL');
insert into campista_grupo (campista,grupo) values(7,'DEL');
insert into campista_grupo (campista,grupo) values(8,'DEL');
insert into campista_grupo (campista,grupo) values(9,'DEL');
insert into campista_grupo (campista,grupo) values(11,'DEL');
insert into campista_grupo (campista,grupo) values(12,'DEL');
insert into campista_grupo (campista,grupo) values(13,'DEL');
insert into campista_grupo (campista,grupo) values(14,'DEL');
insert into campista_grupo (campista,grupo) values(15,'DEL');
insert into campista_grupo (campista,grupo) values(16,'DEL');
insert into campista_grupo (campista,grupo) values(17,'DEL');
insert into campista_grupo (campista,grupo) values(18,'DEL');
insert into campista_grupo (campista,grupo) values(19,'DEL');
insert into campista_grupo (campista,grupo) values(21,'DEL');
insert into campista_grupo (campista,grupo) values(22,'DEL');
insert into campista_grupo (campista,grupo) values(24,'DEL');
insert into campista_grupo (campista,grupo) values(25,'DEL');
insert into campista_grupo (campista,grupo) values(26,'DEL');
insert into campista_grupo (campista,grupo) values(27,'DEL');
insert into campista_grupo (campista,grupo) values(28,'DEL');
insert into campista_grupo (campista,grupo) values(29,'DEL');
insert into campista_grupo (campista,grupo) values(31,'ELE');
insert into campista_grupo (campista,grupo) values(33,'ELE');
insert into campista_grupo (campista,grupo) values(34,'ELE');
insert into campista_grupo (campista,grupo) values(35,'ELE');
insert into campista_grupo (campista,grupo) values(36,'ELE');
insert into campista_grupo (campista,grupo) values(37,'ELE');
insert into campista_grupo (campista,grupo) values(38,'ELE');
insert into campista_grupo (campista,grupo) values(39,'ELE');
insert into campista_grupo (campista,grupo) values(40,'ELE');
insert into campista_grupo (campista,grupo) values(41,'ELE');
insert into campista_grupo (campista,grupo) values(42,'ELE');
insert into campista_grupo (campista,grupo) values(43,'ELE');
insert into campista_grupo (campista,grupo) values(44,'ELE');
insert into campista_grupo (campista,grupo) values(46,'ELE');
insert into campista_grupo (campista,grupo) values(47,'ELE');
insert into campista_grupo (campista,grupo) values(48,'ELE');
insert into campista_grupo (campista,grupo) values(49,'ELE');
insert into campista_grupo (campista,grupo) values(50,'ELE');
insert into campista_grupo (campista,grupo) values(52,'ELE');
insert into campista_grupo (campista,grupo) values(57,'ELE');
insert into campista_grupo (campista,grupo) values(58,'ELE');
insert into campista_grupo (campista,grupo) values(59,'ELE');
insert into campista_grupo (campista,grupo) values(60,'ELE');
insert into campista_grupo (campista,grupo) values(61,'ELE');
insert into campista_grupo (campista,grupo) values(62,'ELE');
insert into campista_grupo (campista,grupo) values(63,'FEN');
insert into campista_grupo (campista,grupo) values(64,'FEN');
insert into campista_grupo (campista,grupo) values(65,'FEN');
insert into campista_grupo (campista,grupo) values(66,'FEN');
insert into campista_grupo (campista,grupo) values(67,'FEN');
insert into campista_grupo (campista,grupo) values(68,'FEN');
insert into campista_grupo (campista,grupo) values(69,'FEN');
insert into campista_grupo (campista,grupo) values(70,'FEN');
insert into campista_grupo (campista,grupo) values(71,'FEN');
insert into campista_grupo (campista,grupo) values(72,'FEN');
insert into campista_grupo (campista,grupo) values(73,'FEN');
insert into campista_grupo (campista,grupo) values(75,'FEN');
insert into campista_grupo (campista,grupo) values(1,'GAV');
insert into campista_grupo (campista,grupo) values(2,'GAV');
insert into campista_grupo (campista,grupo) values(3,'GAV');
insert into campista_grupo (campista,grupo) values(4,'GAV');
insert into campista_grupo (campista,grupo) values(5,'GAV');
insert into campista_grupo (campista,grupo) values(6,'GAV');
insert into campista_grupo (campista,grupo) values(7,'GAV');
insert into campista_grupo (campista,grupo) values(8,'GAV');
insert into campista_grupo (campista,grupo) values(9,'GAV');
insert into campista_grupo (campista,grupo) values(10,'GAV');
insert into campista_grupo (campista,grupo) values(11,'GAV');
insert into campista_grupo (campista,grupo) values(12,'GAV');
insert into campista_grupo (campista,grupo) values(13,'GAV');
insert into campista_grupo (campista,grupo) values(14,'GAV');
insert into campista_grupo (campista,grupo) values(15,'GAV');
insert into campista_grupo (campista,grupo) values(16,'GAV');
insert into campista_grupo (campista,grupo) values(17,'GAV');
insert into campista_grupo (campista,grupo) values(18,'GAV');
insert into campista_grupo (campista,grupo) values(19,'GAV');
insert into campista_grupo (campista,grupo) values(20,'GAV');
insert into campista_grupo (campista,grupo) values(21,'GAV');
insert into campista_grupo (campista,grupo) values(22,'GAV');
insert into campista_grupo (campista,grupo) values(23,'GAV');
insert into campista_grupo (campista,grupo) values(24,'GAV');
insert into campista_grupo (campista,grupo) values(25,'GAV');
insert into campista_grupo (campista,grupo) values(26,'HIE');
insert into campista_grupo (campista,grupo) values(27,'HIE');
insert into campista_grupo (campista,grupo) values(28,'HIE');
insert into campista_grupo (campista,grupo) values(29,'HIE');
insert into campista_grupo (campista,grupo) values(30,'HIE');
insert into campista_grupo (campista,grupo) values(31,'HIE');
insert into campista_grupo (campista,grupo) values(32,'HIE');
insert into campista_grupo (campista,grupo) values(33,'HIE');
insert into campista_grupo (campista,grupo) values(34,'HIE');
insert into campista_grupo (campista,grupo) values(35,'HIE');
insert into campista_grupo (campista,grupo) values(36,'HIE');
insert into campista_grupo (campista,grupo) values(37,'HIE');
insert into campista_grupo (campista,grupo) values(38,'HIE');
insert into campista_grupo (campista,grupo) values(39,'HIE');
insert into campista_grupo (campista,grupo) values(40,'HIE');
insert into campista_grupo (campista,grupo) values(41,'HIE');
insert into campista_grupo (campista,grupo) values(42,'HIE');
insert into campista_grupo (campista,grupo) values(43,'HIE');
insert into campista_grupo (campista,grupo) values(44,'HIE');
insert into campista_grupo (campista,grupo) values(45,'HIE');
insert into campista_grupo (campista,grupo) values(46,'HIE');
insert into campista_grupo (campista,grupo) values(47,'HIE');
insert into campista_grupo (campista,grupo) values(48,'HIE');
insert into campista_grupo (campista,grupo) values(49,'HIE');
insert into campista_grupo (campista,grupo) values(50,'HIE');
insert into campista_grupo (campista,grupo) values(51,'IGU');
insert into campista_grupo (campista,grupo) values(52,'IGU');
insert into campista_grupo (campista,grupo) values(53,'IGU');
insert into campista_grupo (campista,grupo) values(54,'IGU');
insert into campista_grupo (campista,grupo) values(55,'IGU');
insert into campista_grupo (campista,grupo) values(56,'IGU');
insert into campista_grupo (campista,grupo) values(57,'IGU');
insert into campista_grupo (campista,grupo) values(58,'IGU');
insert into campista_grupo (campista,grupo) values(59,'IGU');
insert into campista_grupo (campista,grupo) values(60,'IGU');
insert into campista_grupo (campista,grupo) values(61,'IGU');
insert into campista_grupo (campista,grupo) values(62,'IGU');
insert into campista_grupo (campista,grupo) values(63,'IGU');
insert into campista_grupo (campista,grupo) values(64,'IGU');
insert into campista_grupo (campista,grupo) values(65,'IGU');
insert into campista_grupo (campista,grupo) values(66,'IGU');
insert into campista_grupo (campista,grupo) values(67,'IGU');
insert into campista_grupo (campista,grupo) values(68,'IGU');
insert into campista_grupo (campista,grupo) values(69,'IGU');
insert into campista_grupo (campista,grupo) values(70,'IGU');
insert into campista_grupo (campista,grupo) values(71,'IGU');
insert into campista_grupo (campista,grupo) values(72,'IGU');
insert into campista_grupo (campista,grupo) values(73,'IGU');
insert into campista_grupo (campista,grupo) values(74,'IGU');
insert into campista_grupo (campista,grupo) values(75,'IGU');


insert into grupo_actividad (grupo,actividad) values('GAV',1);
insert into grupo_actividad (grupo,actividad) values('GAV',2);
insert into grupo_actividad (grupo,actividad) values('GAV',3);
insert into grupo_actividad (grupo,actividad) values('GAV',4);
insert into grupo_actividad (grupo,actividad) values('GAV',5);
insert into grupo_actividad (grupo,actividad) values('GAV',6);
insert into grupo_actividad (grupo,actividad) values('GAV',7);
insert into grupo_actividad (grupo,actividad) values('GAV',8);
insert into grupo_actividad (grupo,actividad) values('GAV',9);
insert into grupo_actividad (grupo,actividad) values('GAV',10);
insert into grupo_actividad (grupo,actividad) values('GAV',11);
insert into grupo_actividad (grupo,actividad) values('GAV',12);
insert into grupo_actividad (grupo,actividad) values('HIE',1);
insert into grupo_actividad (grupo,actividad) values('HIE',2);
insert into grupo_actividad (grupo,actividad) values('HIE',3);
insert into grupo_actividad (grupo,actividad) values('HIE',4);
insert into grupo_actividad (grupo,actividad) values('HIE',5);
insert into grupo_actividad (grupo,actividad) values('HIE',6);
insert into grupo_actividad (grupo,actividad) values('HIE',7);
insert into grupo_actividad (grupo,actividad) values('HIE',8);
insert into grupo_actividad (grupo,actividad) values('HIE',9);
insert into grupo_actividad (grupo,actividad) values('HIE',10);
insert into grupo_actividad (grupo,actividad) values('HIE',11);
insert into grupo_actividad (grupo,actividad) values('HIE',12);
insert into grupo_actividad (grupo,actividad) values('IGU',1);
insert into grupo_actividad (grupo,actividad) values('IGU',2);
insert into grupo_actividad (grupo,actividad) values('IGU',3);
insert into grupo_actividad (grupo,actividad) values('IGU',4);
insert into grupo_actividad (grupo,actividad) values('IGU',5);
insert into grupo_actividad (grupo,actividad) values('IGU',6);
insert into grupo_actividad (grupo,actividad) values('IGU',7);
insert into grupo_actividad (grupo,actividad) values('IGU',8);
insert into grupo_actividad (grupo,actividad) values('IGU',9);
insert into grupo_actividad (grupo,actividad) values('IGU',10);
insert into grupo_actividad (grupo,actividad) values('IGU',11);
insert into grupo_actividad (grupo,actividad) values('IGU',12);
insert into grupo_actividad (grupo,actividad) values('JAB',1);
insert into grupo_actividad (grupo,actividad) values('JAB',2);
insert into grupo_actividad (grupo,actividad) values('JAB',3);
insert into grupo_actividad (grupo,actividad) values('JAB',4);
insert into grupo_actividad (grupo,actividad) values('JAB',5);
insert into grupo_actividad (grupo,actividad) values('JAB',6);
insert into grupo_actividad (grupo,actividad) values('JAB',7);
insert into grupo_actividad (grupo,actividad) values('JAB',8);
insert into grupo_actividad (grupo,actividad) values('JAB',9);
insert into grupo_actividad (grupo,actividad) values('JAB',10);
insert into grupo_actividad (grupo,actividad) values('JAB',11);
insert into grupo_actividad (grupo,actividad) values('JAB',12);
insert into grupo_actividad (grupo,actividad) values('KOA',1);
insert into grupo_actividad (grupo,actividad) values('KOA',2);
insert into grupo_actividad (grupo,actividad) values('KOA',3);
insert into grupo_actividad (grupo,actividad) values('KOA',4);
insert into grupo_actividad (grupo,actividad) values('KOA',5);
insert into grupo_actividad (grupo,actividad) values('KOA',6);
insert into grupo_actividad (grupo,actividad) values('KOA',7);
insert into grupo_actividad (grupo,actividad) values('KOA',8);
insert into grupo_actividad (grupo,actividad) values('KOA',9);
insert into grupo_actividad (grupo,actividad) values('KOA',10);
insert into grupo_actividad (grupo,actividad) values('KOA',11);
insert into grupo_actividad (grupo,actividad) values('KOA',12);
insert into grupo_actividad (grupo,actividad) values('LUC',1);
insert into grupo_actividad (grupo,actividad) values('LUC',2);
insert into grupo_actividad (grupo,actividad) values('LUC',3);
insert into grupo_actividad (grupo,actividad) values('LUC',4);
insert into grupo_actividad (grupo,actividad) values('LUC',5);
insert into grupo_actividad (grupo,actividad) values('LUC',6);
insert into grupo_actividad (grupo,actividad) values('LUC',7);
insert into grupo_actividad (grupo,actividad) values('LUC',8);
insert into grupo_actividad (grupo,actividad) values('LUC',9);
insert into grupo_actividad (grupo,actividad) values('LUC',10);
insert into grupo_actividad (grupo,actividad) values('LUC',11);
insert into grupo_actividad (grupo,actividad) values('LUC',12);


insert into campista_contacto (campista,contacto) values(1,1);
insert into campista_contacto (campista,contacto) values(2,2);
insert into campista_contacto (campista,contacto) values(3,3);
insert into campista_contacto (campista,contacto) values(4,4);
insert into campista_contacto (campista,contacto) values(5,5);
insert into campista_contacto (campista,contacto) values(6,6);
insert into campista_contacto (campista,contacto) values(7,7);
insert into campista_contacto (campista,contacto) values(8,8);
insert into campista_contacto (campista,contacto) values(9,9);
insert into campista_contacto (campista,contacto) values(10,10);
insert into campista_contacto (campista,contacto) values(11,11);
insert into campista_contacto (campista,contacto) values(12,12);
insert into campista_contacto (campista,contacto) values(13,13);
insert into campista_contacto (campista,contacto) values(14,14);
insert into campista_contacto (campista,contacto) values(15,15);
insert into campista_contacto (campista,contacto) values(16,16);
insert into campista_contacto (campista,contacto) values(17,17);
insert into campista_contacto (campista,contacto) values(18,18);
insert into campista_contacto (campista,contacto) values(19,19);
insert into campista_contacto (campista,contacto) values(20,20);
insert into campista_contacto (campista,contacto) values(21,21);
insert into campista_contacto (campista,contacto) values(22,22);
insert into campista_contacto (campista,contacto) values(23,23);
insert into campista_contacto (campista,contacto) values(24,24);
insert into campista_contacto (campista,contacto) values(25,25);
insert into campista_contacto (campista,contacto) values(26,26);
insert into campista_contacto (campista,contacto) values(27,27);
insert into campista_contacto (campista,contacto) values(28,28);
insert into campista_contacto (campista,contacto) values(29,29);
insert into campista_contacto (campista,contacto) values(30,30);
insert into campista_contacto (campista,contacto) values(31,31);
insert into campista_contacto (campista,contacto) values(32,32);
insert into campista_contacto (campista,contacto) values(33,33);
insert into campista_contacto (campista,contacto) values(34,34);
insert into campista_contacto (campista,contacto) values(35,35);
insert into campista_contacto (campista,contacto) values(36,36);
insert into campista_contacto (campista,contacto) values(37,37);
insert into campista_contacto (campista,contacto) values(38,38);
insert into campista_contacto (campista,contacto) values(39,39);
insert into campista_contacto (campista,contacto) values(40,40);
insert into campista_contacto (campista,contacto) values(41,41);
insert into campista_contacto (campista,contacto) values(42,42);
insert into campista_contacto (campista,contacto) values(43,43);
insert into campista_contacto (campista,contacto) values(44,44);
insert into campista_contacto (campista,contacto) values(45,45);
insert into campista_contacto (campista,contacto) values(46,46);
insert into campista_contacto (campista,contacto) values(47,47);
insert into campista_contacto (campista,contacto) values(48,48);
insert into campista_contacto (campista,contacto) values(49,49);
insert into campista_contacto (campista,contacto) values(50,50);
insert into campista_contacto (campista,contacto) values(51,51);
insert into campista_contacto (campista,contacto) values(52,52);
insert into campista_contacto (campista,contacto) values(53,53);
insert into campista_contacto (campista,contacto) values(54,54);
insert into campista_contacto (campista,contacto) values(55,55);
insert into campista_contacto (campista,contacto) values(56,56);
insert into campista_contacto (campista,contacto) values(57,57);
insert into campista_contacto (campista,contacto) values(58,58);
insert into campista_contacto (campista,contacto) values(59,59);
insert into campista_contacto (campista,contacto) values(60,60);
insert into campista_contacto (campista,contacto) values(61,61);
insert into campista_contacto (campista,contacto) values(62,62);
insert into campista_contacto (campista,contacto) values(63,63);
insert into campista_contacto (campista,contacto) values(64,64);
insert into campista_contacto (campista,contacto) values(65,65);
insert into campista_contacto (campista,contacto) values(66,66);
insert into campista_contacto (campista,contacto) values(67,67);
insert into campista_contacto (campista,contacto) values(68,68);
insert into campista_contacto (campista,contacto) values(69,69);
insert into campista_contacto (campista,contacto) values(70,70);
insert into campista_contacto (campista,contacto) values(71,71);
insert into campista_contacto (campista,contacto) values(72,72);
insert into campista_contacto (campista,contacto) values(73,73);
insert into campista_contacto (campista,contacto) values(74,74);
insert into campista_contacto (campista,contacto) values(75,75);

insert into campista_datos (campista,datos) values(1,'A+');
insert into campista_datos (campista,datos) values(1,'NIN');
insert into campista_datos (campista,datos) values(1,'CV19SI');
insert into campista_datos (campista,datos) values(2,'A-');
insert into campista_datos (campista,datos) values(2,'NIN');
insert into campista_datos (campista,datos) values(2,'CV19SI');
insert into campista_datos (campista,datos) values(3,'A+');
insert into campista_datos (campista,datos) values(3,'NIN');
insert into campista_datos (campista,datos) values(3,'CV19SI');
insert into campista_datos (campista,datos) values(4,'B-');
insert into campista_datos (campista,datos) values(4,'NIN');
insert into campista_datos (campista,datos) values(4,'CV19SI');
insert into campista_datos (campista,datos) values(5,'AB-');
insert into campista_datos (campista,datos) values(5,'NIN');
insert into campista_datos (campista,datos) values(5,'CV19SI');
insert into campista_datos (campista,datos) values(6,'B+');
insert into campista_datos (campista,datos) values(6,'NIN');
insert into campista_datos (campista,datos) values(6,'CV19SI');
insert into campista_datos (campista,datos) values(7,'O+');
insert into campista_datos (campista,datos) values(7,'NIN');
insert into campista_datos (campista,datos) values(7,'CV19SI');
insert into campista_datos (campista,datos) values(8,'A+');
insert into campista_datos (campista,datos) values(8,'NIN');
insert into campista_datos (campista,datos) values(8,'CV19SI');
insert into campista_datos (campista,datos) values(9,'A+');
insert into campista_datos (campista,datos) values(9,'NIN');
insert into campista_datos (campista,datos) values(9,'CV19SI');
insert into campista_datos (campista,datos) values(10,'A+');
insert into campista_datos (campista,datos) values(10,'NIN');
insert into campista_datos (campista,datos) values(10,'CV19NO');
insert into campista_datos (campista,datos) values(11,'A+');
insert into campista_datos (campista,datos) values(11,'NIN');
insert into campista_datos (campista,datos) values(11,'CV19SI');
insert into campista_datos (campista,datos) values(12,'A+');
insert into campista_datos (campista,datos) values(12,'NIN');
insert into campista_datos (campista,datos) values(12,'CV19NO');
insert into campista_datos (campista,datos) values(13,'AB+');
insert into campista_datos (campista,datos) values(13,'NIN');
insert into campista_datos (campista,datos) values(13,'CV19SI');
insert into campista_datos (campista,datos) values(14,'O-');
insert into campista_datos (campista,datos) values(14,'NIN');
insert into campista_datos (campista,datos) values(14,'CV19SI');
insert into campista_datos (campista,datos) values(15,'B+');
insert into campista_datos (campista,datos) values(15,'DIAB');
insert into campista_datos (campista,datos) values(15,'CV19SI');
insert into campista_datos (campista,datos) values(16,'A+');
insert into campista_datos (campista,datos) values(16,'NIN');
insert into campista_datos (campista,datos) values(16,'CV19SI');
insert into campista_datos (campista,datos) values(17,'A+');
insert into campista_datos (campista,datos) values(17,'NIN');
insert into campista_datos (campista,datos) values(17,'CV19SI');
insert into campista_datos (campista,datos) values(18,'A-');
insert into campista_datos (campista,datos) values(18,'NIN');
insert into campista_datos (campista,datos) values(18,'CV19SI');
insert into campista_datos (campista,datos) values(19,'A+');
insert into campista_datos (campista,datos) values(19,'ASM');
insert into campista_datos (campista,datos) values(19,'CV19SI');
insert into campista_datos (campista,datos) values(20,'O+');
insert into campista_datos (campista,datos) values(20,'NIN');
insert into campista_datos (campista,datos) values(20,'CV19SI');
insert into campista_datos (campista,datos) values(21,'B+');
insert into campista_datos (campista,datos) values(21,'NIN');
insert into campista_datos (campista,datos) values(21,'CV19SI');
insert into campista_datos (campista,datos) values(22,'B+');
insert into campista_datos (campista,datos) values(22,'ASM');
insert into campista_datos (campista,datos) values(22,'CV19SI');
insert into campista_datos (campista,datos) values(23,'O-');
insert into campista_datos (campista,datos) values(23,'NIN');
insert into campista_datos (campista,datos) values(23,'CV19SI');
insert into campista_datos (campista,datos) values(24,'AB-');
insert into campista_datos (campista,datos) values(24,'NIN');
insert into campista_datos (campista,datos) values(24,'CV19SI');
insert into campista_datos (campista,datos) values(25,'B-');
insert into campista_datos (campista,datos) values(25,'NIN');
insert into campista_datos (campista,datos) values(25,'CV19NO');
insert into campista_datos (campista,datos) values(26,'A-');
insert into campista_datos (campista,datos) values(26,'NIN');
insert into campista_datos (campista,datos) values(26,'CV19SI');
insert into campista_datos (campista,datos) values(27,'A+');
insert into campista_datos (campista,datos) values(27,'NIN');
insert into campista_datos (campista,datos) values(27,'CV19SI');
insert into campista_datos (campista,datos) values(28,'A-');
insert into campista_datos (campista,datos) values(28,'NIN');
insert into campista_datos (campista,datos) values(28,'CV19SI');
insert into campista_datos (campista,datos) values(29,'A+');
insert into campista_datos (campista,datos) values(29,'NIN');
insert into campista_datos (campista,datos) values(29,'CV19SI');
insert into campista_datos (campista,datos) values(30,'O-');
insert into campista_datos (campista,datos) values(30,'NIN');
insert into campista_datos (campista,datos) values(30,'CV19SI');
insert into campista_datos (campista,datos) values(31,'AB-');
insert into campista_datos (campista,datos) values(31,'NIN');
insert into campista_datos (campista,datos) values(31,'CV19SI');
insert into campista_datos (campista,datos) values(32,'A+');
insert into campista_datos (campista,datos) values(32,'ASM');
insert into campista_datos (campista,datos) values(32,'CV19SI');
insert into campista_datos (campista,datos) values(33,'O-');
insert into campista_datos (campista,datos) values(33,'HIP');
insert into campista_datos (campista,datos) values(33,'CV19SI');
insert into campista_datos (campista,datos) values(34,'O+');
insert into campista_datos (campista,datos) values(34,'ASM');
insert into campista_datos (campista,datos) values(34,'CV19SI');
insert into campista_datos (campista,datos) values(35,'A+');
insert into campista_datos (campista,datos) values(35,'NIN');
insert into campista_datos (campista,datos) values(35,'CV19NO');
insert into campista_datos (campista,datos) values(36,'A-');
insert into campista_datos (campista,datos) values(36,'NIN');
insert into campista_datos (campista,datos) values(36,'CV19SI');
insert into campista_datos (campista,datos) values(37,'A-');
insert into campista_datos (campista,datos) values(37,'NIN');
insert into campista_datos (campista,datos) values(37,'CV19SI');
insert into campista_datos (campista,datos) values(38,'AB-');
insert into campista_datos (campista,datos) values(38,'NIN');
insert into campista_datos (campista,datos) values(38,'CV19SI');
insert into campista_datos (campista,datos) values(39,'O+');
insert into campista_datos (campista,datos) values(39,'NIN');
insert into campista_datos (campista,datos) values(39,'CV19SI');
insert into campista_datos (campista,datos) values(40,'B+');
insert into campista_datos (campista,datos) values(40,'NIN');
insert into campista_datos (campista,datos) values(40,'CV19SI');
insert into campista_datos (campista,datos) values(41,'A+');
insert into campista_datos (campista,datos) values(41,'NIN');
insert into campista_datos (campista,datos) values(41,'CV19SI');
insert into campista_datos (campista,datos) values(42,'A-');
insert into campista_datos (campista,datos) values(42,'NIN');
insert into campista_datos (campista,datos) values(42,'CV19SI');
insert into campista_datos (campista,datos) values(43,'B-');
insert into campista_datos (campista,datos) values(43,'NIN');
insert into campista_datos (campista,datos) values(43,'CV19SI');
insert into campista_datos (campista,datos) values(44,'A+');
insert into campista_datos (campista,datos) values(44,'ASM');
insert into campista_datos (campista,datos) values(44,'CV19SI');
insert into campista_datos (campista,datos) values(45,'B+');
insert into campista_datos (campista,datos) values(45,'HIP');
insert into campista_datos (campista,datos) values(45,'CV19NO');
insert into campista_datos (campista,datos) values(46,'AB+');
insert into campista_datos (campista,datos) values(46,'NIN');
insert into campista_datos (campista,datos) values(46,'CV19SI');
insert into campista_datos (campista,datos) values(47,'O+');
insert into campista_datos (campista,datos) values(47,'NIN');
insert into campista_datos (campista,datos) values(47,'CV19SI');
insert into campista_datos (campista,datos) values(48,'O-');
insert into campista_datos (campista,datos) values(48,'NIN');
insert into campista_datos (campista,datos) values(48,'CV19SI');
insert into campista_datos (campista,datos) values(49,'AB-');
insert into campista_datos (campista,datos) values(49,'NIN');
insert into campista_datos (campista,datos) values(49,'CV19SI');
insert into campista_datos (campista,datos) values(50,'O-');
insert into campista_datos (campista,datos) values(50,'NIN');
insert into campista_datos (campista,datos) values(50,'CV19SI');
insert into campista_datos (campista,datos) values(51,'A+');
insert into campista_datos (campista,datos) values(51,'NIN');
insert into campista_datos (campista,datos) values(51,'CV19SI');
insert into campista_datos (campista,datos) values(52,'A-');
insert into campista_datos (campista,datos) values(52,'HIP');
insert into campista_datos (campista,datos) values(52,'CV19SI');
insert into campista_datos (campista,datos) values(53,'A+');
insert into campista_datos (campista,datos) values(53,'NIN');
insert into campista_datos (campista,datos) values(53,'CV19SI');
insert into campista_datos (campista,datos) values(54,'O-');
insert into campista_datos (campista,datos) values(54,'NIN');
insert into campista_datos (campista,datos) values(54,'CV19SI');
insert into campista_datos (campista,datos) values(55,'B-');
insert into campista_datos (campista,datos) values(55,'NIN');
insert into campista_datos (campista,datos) values(55,'CV19SI');
insert into campista_datos (campista,datos) values(56,'A+');
insert into campista_datos (campista,datos) values(56,'NIN');
insert into campista_datos (campista,datos) values(56,'CV19SI');
insert into campista_datos (campista,datos) values(57,'A+');
insert into campista_datos (campista,datos) values(57,'NIN');
insert into campista_datos (campista,datos) values(57,'CV19SI');
insert into campista_datos (campista,datos) values(58,'A-');
insert into campista_datos (campista,datos) values(58,'NIN');
insert into campista_datos (campista,datos) values(58,'CV19SI');
insert into campista_datos (campista,datos) values(59,'B+');
insert into campista_datos (campista,datos) values(59,'NIN');
insert into campista_datos (campista,datos) values(59,'CV19SI');
insert into campista_datos (campista,datos) values(60,'A-');
insert into campista_datos (campista,datos) values(60,'NIN');
insert into campista_datos (campista,datos) values(60,'CV19SI');
insert into campista_datos (campista,datos) values(61,'B+');
insert into campista_datos (campista,datos) values(61,'NIN');
insert into campista_datos (campista,datos) values(61,'CV19SI');
insert into campista_datos (campista,datos) values(62,'O+');
insert into campista_datos (campista,datos) values(62,'NIN');
insert into campista_datos (campista,datos) values(62,'CV19SI');
insert into campista_datos (campista,datos) values(63,'O+');
insert into campista_datos (campista,datos) values(63,'NIN');
insert into campista_datos (campista,datos) values(63,'CV19SI');
insert into campista_datos (campista,datos) values(64,'A-');
insert into campista_datos (campista,datos) values(64,'NIN');
insert into campista_datos (campista,datos) values(64,'CV19SI');
insert into campista_datos (campista,datos) values(65,'A-');
insert into campista_datos (campista,datos) values(65,'NIN');
insert into campista_datos (campista,datos) values(65,'CV19SI');
insert into campista_datos (campista,datos) values(66,'B-');
insert into campista_datos (campista,datos) values(66,'NIN');
insert into campista_datos (campista,datos) values(66,'CV19SI');
insert into campista_datos (campista,datos) values(67,'O-');
insert into campista_datos (campista,datos) values(67,'HIP');
insert into campista_datos (campista,datos) values(67,'CV19SI');
insert into campista_datos (campista,datos) values(68,'O-');
insert into campista_datos (campista,datos) values(68,'NIN');
insert into campista_datos (campista,datos) values(68,'CV19SI');
insert into campista_datos (campista,datos) values(69,'A-');
insert into campista_datos (campista,datos) values(69,'NIN');
insert into campista_datos (campista,datos) values(69,'CV19SI');
insert into campista_datos (campista,datos) values(70,'A+');
insert into campista_datos (campista,datos) values(70,'NIN');
insert into campista_datos (campista,datos) values(70,'CV19SI');
insert into campista_datos (campista,datos) values(71,'B-');
insert into campista_datos (campista,datos) values(71,'NIN');
insert into campista_datos (campista,datos) values(71,'CV19SI');
insert into campista_datos (campista,datos) values(72,'A+');
insert into campista_datos (campista,datos) values(72,'NIN');
insert into campista_datos (campista,datos) values(72,'CV19SI');
insert into campista_datos (campista,datos) values(73,'B-');
insert into campista_datos (campista,datos) values(73,'NIN');
insert into campista_datos (campista,datos) values(73,'CV19SI');
insert into campista_datos (campista,datos) values(74,'AB+');
insert into campista_datos (campista,datos) values(74,'NIN');
insert into campista_datos (campista,datos) values(74,'CV19SI');
insert into campista_datos (campista,datos) values(75,'A+');
insert into campista_datos (campista,datos) values(75,'NIN');
insert into campista_datos (campista,datos) values(75,'CV19SI');